{
  "version": 1,
  "author": "Lakshay Sehrawat",
  "editor": "wokwi",
  "parts": [
    { "type": "board-esp32-devkit-c-v4", "id": "esp", "top": 0, "left": 0, "attrs": {} },
    {
      "type": "wokwi-dht22",
      "id": "dht1",
      "top": 57.9,
      "left": -111,
      "attrs": { "humidity": "21.5", "temperature": "6" }
    },
    { "type": "wokwi-potentiometer", "id": "pot1", "top": -58.9, "left": -182.6, "attrs": {} },
    { "type": "wokwi-led", "id": "led1", "top": -51.6, "left": 119, "attrs": { "color": "red" } },
    {
      "type": "wokwi-buzzer",
      "id": "bz1",
      "top": 204,
      "left": -180.6,
      "attrs": { "volume": "0.5", "mode": "smooth" }
    }
  ],
  "connections": [
    [ "esp:TX", "$serialMonitor:RX", "", [] ],
    [ "esp:RX", "$serialMonitor:TX", "", [] ],
    [ "dht1:VCC", "esp:3V3", "red", [ "v-144", "h96" ] ],
    [ "dht1:GND", "esp:GND.1", "black", [ "v-19.2", "h76.8" ] ],
    [ "pot1:VCC", "esp:3V3", "red", [ "v19.2", "h143.2" ] ],
    [ "pot1:GND", "esp:GND.1", "black", [ "v0" ] ],
    [ "pot1:SIG", "esp:34", "green", [ "v0" ] ],
    [ "led1:A", "esp:2", "green", [ "v0" ] ],
    [ "led1:C", "esp:GND.2", "green", [ "v0" ] ],
    [ "bz1:2", "esp:27", "green", [ "v0" ] ],
    [ "bz1:1", "esp:GND.1", "green", [ "v-134.4", "h153.6" ] ],
    [ "dht1:SDA", "esp:14", "green", [ "v0" ] ]
  ],
  "dependencies": {}
}